<?xml version="1.0" encoding="UTF-8"?>
<project-private xmlns="http://www.netbeans.org/ns/project-private/1">
    <editor-bookmarks xmlns="http://www.netbeans.org/ns/editor-bookmarks/2" lastBookmarkId="0"/>
    <open-files xmlns="http://www.netbeans.org/ns/projectui-open-files/2">
        <group>
            <file>file:/E:/vani/nov/14-11-16/dms/index.html</file>
            <file>file:/E:/vani/nov/14-11-16/dms/css/style.css</file>
            <file>file:/E:/vani/nov/14-11-16/dms/fund.html</file>
            <file>file:/E:/vani/nov/14-11-16/dms/buy.html</file>
            <file>file:/E:/vani/nov/14-11-16/dms/myquery.html</file>
            <file>file:/E:/vani/nov/14-11-16/dms/bids.html</file>
        </group>
    </open-files>
</project-private>
